can_smiles,NHOHCount,NOCount,NumAliphaticCarbocycles,NumAliphaticHeterocycles,NumAliphaticRings,NumAromaticCarbocycles,NumAromaticHeterocycles,NumAromaticRings,NumHAcceptors,NumHDonors,NumHeteroatoms,RingCount,NumRotatableBonds,fr_aryl_methyl,fr_NH1,fr_NH2,fr_nitrile,fr_nitro,fr_nitro_arom,fr_nitro_arom_nonortho,MolWt,MaxPartialCharge,MinPartialCharge,MaxAbsEStateIndex,MinAbsEStateIndex,MinEStateIndex,TPSA,0,1,2,3,4,5,6,7,8,9,10,11,12,13,14,15,16,17,18,19,20,21,22,23,24,25,26,27,28,29,30,31,32,33,34,35,36,37,38,39,40,41,42,43,44,45,46,47,48,49,50,51,52,53,54,55,56,57,58,59,60,61,62,63,64,65,66,67,68,69,benzene,six_N1,six_N2,six_N3,six_N4,five_N1,five_N2,five_N3,five_N4,five_N1O1,five_N2O1,five_N3O1,NPR1,NPR2,PMI3,PBF,Nper,OB,C,H,O,N,N_NO2,O_NO2,c_3NO2,c_2NO2,c_NO2,NO2_content,Num_benzene,Num_six_N1,Num_six_N2,Num_six_N3,Num_six_N4,Num_five_N1,Num_five_N2,Num_five_N3,Num_five_N4,ring_content,con_rings,axis_symmetry,count_3n,T,bde_gnn
[H]N(C1=NON=C1C2=NN=C(N=N2)C3=NON=C3N([N+]([O-])=O)[H])[N+]([O-])=O,2,18,0,0,0,0,3,3,14,2,18,3,6,0,2,0,0,2,0,0,338.16000000000014,0.26451697504051785,-0.241406199,10.410644527378905,0.22206685143193017,-0.893976271,239.73999999999998,0,0,0,0,0,0,0,0,0,0,6,0,0,0,0,0,0,2,0,0,0,0,8,0,2,0,0,0,2,0,2,0,0,0,0,0,0,0,0,0,0,0,0,0,0,-1.694597467,0,0,0,0,0,0,3.44340203944551,0,0,0,0,27.713615778828625,0,-1.787952543,0,0,0,20.821289054757806,0,8.682954081719414,0,0,0,0,0,0,0,0,1,0,2,0,0,0,2,0,0.1880899691019006,0.846056863078519,5498.56515840867,0.36750363916599055,0.4968062455642298,-0.331204164,6,2,6,12,2,0,0,0,0,0.3076923076923077,0,0,0,0,1,0,2,0,0,0.6153846153846154,0,0,0,113,126.2436
[N-]=[N+]=NC(N=C12)=NN1N=NN3C2=NC([N+]([O-])=O)=N3,0,14,0,0,0,0,3,3,11,0,14,3,2,0,0,0,0,1,0,0,248.126,0.4931613074528512,-0.389690454,10.523971819826798,0.0244538926681781,-0.781853899,178.06,0,0,0,0,0,0,0,0,0,0,2,2,0,0,0,0,0,0,0,0,0,1,6,0,1,2,0,0,1,0,0,0,0,0,0,0,0,0,0,0,0,0,0,0,0,-0.850659696,0.01073129251700733,0,0,0,0,0,0,0,0,0,3.1710148966994205,21.55816232048375,0,-0.781853899,1.7636583522297806,0,0,10.523971819826798,0,0,0,0,0,0,0,0,0,0,1,0,0,2,0,0,0,0,0.21212648088754438,0.7878735191370824,2712.6042442362423,8.751624413143622e-06,0.677075356875136,-0.386900204,4,0,2,12,0,0,0,0,1,0.2222222222222222,0,0,0,0,1,0,0,2,0,0.8888888888888888,3,0,1,195.5,253.378
[NH2+]=C1N(C2=NN=N[N-]2)N=C3NC([N+]([O-])=O)=NN13,3,13,0,0,0,0,3,3,9,2,13,3,2,0,1,1,0,1,0,0,237.14300000000003,0.47040610694326035,-0.389745424,10.471799256739732,0.014675925925925704,-0.693860859,172.41,0,0,0,0,0,0,0,0,0,0,2,1,0,0,0,0,0,0,1,0,0,0,6,0,1,2,0,0,1,0,0,0,0,0,0,0,0,0,0,0,0,0,0,0,0,-0.42122449,0.0824074074074077,0,0,0,0,0,0,2.3626473922902496,0,0,0,21.09148116654069,0,-0.693860859,2.149853552532124,0,0,10.471799256739732,0,0,0,0,0,0,0,0,0,0,0,0,0,2,1,0,0,0,0.12557316497280552,0.9100904362028504,2417.053864114773,0.3328807098287021,0.6493971991583136,-0.506023792,4,3,2,11,0,0,0,0,1,0.2,0,0,0,0,0,0,0,2,1,0.75,2,0,0,253,263.48993
[O-][N+](C([N+]([O-])=O)([N+]([O-])=O)N1N=C(C([N+]([O-])=O)=N1)C([N+]([O-])=O)([N+]([O-])=O)[N+]([O-])=O)=O,0,24,0,0,0,0,1,1,17,0,24,1,9,0,0,0,0,7,0,0,412.1000000000002,0.8532918039880203,-0.357682876,10.961166383219954,1.299884259259259,-4.920447373,332.68999999999994,0,0,0,0,0,0,0,0,0,0,2,0,2,0,0,0,0,0,0,0,0,0,2,0,7,1,0,0,7,0,0,0,0,0,0,0,0,0,0,0,0,0,0,0,0,-4.784768519,0,-9.810779006,0,0,0,0,0,0,0,0,0,4.64511574074074,0,-15.85891109,-1.299884259,0,0,76.47128023431594,0,0,0,0,0,0,0,0,0,0,0,0,0,1,0,0,0,0,0.3584310812281615,0.8874639836386423,4371.1574892843355,0.8412613654016056,0.33972336811453513,0.2329531667071098,4,0,14,10,0,0,2,0,1,0.8571428571428571,0,0,0,0,0,0,0,1,0,0.17857142857142858,1,0,0,132,106.19841
[O-][N+](C([N+]([O-])=O)(C1=NN(C(C2=NC(C([N+]([O-])=O)([N+]([O-])=O)[N+]([O-])=O)=NN2C([N+]([O-])=O)([N+]([O-])=O)[N+]([O-])=O)=N1)C([N+]([O-])=O)([N+]([O-])=O)[N+]([O-])=O)[N+]([O-])=O)=O,0,42,0,0,0,0,2,2,30,0,42,2,17,0,0,0,0,12,0,0,732.1900000000002,0.8223111546300734,-0.252189164,11.784374960632402,1.7969902683295533,-5.708362269,579.0999999999999,0,0,0,0,0,0,0,0,0,0,4,0,4,0,0,0,0,0,0,0,0,0,4,0,12,2,0,0,12,0,0,0,0,0,0,0,0,0,0,0,0,0,0,0,0,-11.78857395,0,-22.30187642,0,0,0,0,0,0,0,0,0,9.363308767951626,0,-32.30227876,-3.593980537,0,0,140.1450337800027,0,0,0,0,0,0,0,0,0,0,0,0,0,2,0,0,0,0,0.4512494139472968,0.7643750443283213,12076.494170754897,1.0354686633228058,0.3441729605703437,0.1748180117182698,8,0,24,18,0,0,4,0,0,0.8,0,0,0,0,0,0,0,2,0,0.2,0,0,0,164,115.79767
[O-][N+](C([N+]([O-])=O)(C1=NN(C2=N1)N=NN3C2=NC(C([N+]([O-])=O)([N+]([O-])=O)[N+]([O-])=O)=N3)[N+]([O-])=O)=O,0,26,0,0,0,0,3,3,20,0,26,3,8,0,0,0,0,6,0,0,460.1520000000002,0.7645966242587918,-0.252189157,11.14455372933277,0.1116435185185185,-4.333523243,344.99999999999994,0,0,0,0,0,0,0,0,0,0,2,2,2,0,0,0,0,0,0,0,0,0,6,0,6,2,0,0,6,0,0,0,0,0,0,0,0,0,0,0,0,0,0,0,0,-3.373070358,-1.930335412,-8.667046485,0,0,0,0,0,0,0,0,0,18.85252173091459,0,-11.6733346,0.22328703703703723,0,0,66.86732237599662,0,0,0,0,0,0,0,0,0,0,1,0,0,2,0,0,0,0,0.1940394403804562,0.945577069019919,8113.008282301531,0.7078714739781399,0.425946209078739,0,6,0,12,14,0,0,2,0,0,0.625,0,0,0,0,1,0,0,2,0,0.5,3,1,0,128,99.578
[O-][N+](C1=NN(C(N=[N+]=[N-])=N1)CN2N=C(N=C2N=[N+]=[N-])[N+]([O-])=O)=O,0,18,0,0,0,0,2,2,12,0,18,2,6,0,0,0,0,2,0,0,322.1650000000001,0.49100524677165114,-0.389691349,10.627820133843763,0.4960737906273611,-0.939458774,245.22,0,0,1,0,0,0,0,0,0,0,4,0,0,0,0,0,0,0,0,0,0,2,4,0,2,2,0,0,2,0,0,0,0,0,0,0,0,-0.537314815,0,0,0,0,0,0,0,-2.728537415,0,0,0,0,0,0,0,0,0,0,6.180085348954396,13.548077601410935,0,-1.878917549,1.4576455026455024,0,0,21.255640267687525,0,0,0,0,0,0,0,0,0,0,0,0,0,2,0,0,0,0,0.4132578697977841,0.7012004639325098,3869.9910938486028,0.8321421178379643,0.6083839026585756,-0.347647944,5,2,4,14,0,0,0,0,2,0.32,0,0,0,0,0,0,0,2,0,0.4,0,0,2,153,249.85974
[O-][N+](C1=NN(CCN2N=C(N=C2N=[N+]=[N-])[N+]([O-])=O)C(N=[N+]=[N-])=N1)=O,0,18,0,0,0,0,2,2,12,0,18,2,7,2,0,0,0,2,0,0,336.19200000000006,0.4909384098056298,-0.389691355,10.637326646350818,0.1769283824640966,-0.890272375,245.22000000000003,0,0,2,0,0,0,0,0,0,0,4,0,0,0,0,0,0,0,0,0,0,2,4,0,2,2,0,0,2,0,0,0,0,0,0,0,0,-0.353856765,0,0,0,0,0,0,0,-2.35853794,0,0,0,0,0,0,0,0,0,0,6.288279793398841,13.809105883093979,0,-1.78054475,1.788165154950869,0,0,21.274653292701636,0,0,0,0,0,0,0,0,0,0,0,0,0,2,0,0,0,0,0.23037125772537909,0.7822002315289892,5559.5397804557715,0.3776229081057349,0.5830001903674091,-0.475918523,6,4,4,14,0,0,0,0,2,0.2857142857142857,0,0,0,0,0,0,0,2,0,0.35714285714285715,0,0,2,166,366.3432
[O-][N+](ON=C1C2=NN(C)C([N+]([O-])=O)=N2)=C1C3=NN(C)C([N+]([O-])=O)=N3,0,16,0,0,0,0,3,3,13,0,16,3,4,2,0,0,0,2,0,0,338.2000000000001,0.45561911454673854,-0.389773231,11.7619567271353,0.10060941043083904,-0.802889757,200.67000000000002,2,0,0,0,0,0,0,0,0,0,6,0,0,0,0,0,0,0,0,0,0,0,5,0,2,3,0,0,2,0,1,0,0,0,0,2.5181740951915916,0,0,0,0,0,0,0,0,0,-2.61103857,0,0,0,0,0,0,0,0,0,0,0,18.13074326026707,0,-1.589233312,1.5915041572184427,0,0,21.640662146095046,0,4.416569349962208,0,0,0,0,0,0,0,0,0,0,1,2,0,0,1,0,0.259771578635132,0.755971968336145,4910.880951605347,0.3783429871213432,0.4139562389118865,-0.615020698,8,6,6,10,0,0,0,0,2,0.26666666666666666,0,0,0,0,0,0,1,2,0,0.5,0,0,0,138,266.7996
[O-][N+](ON=C1C2=NN(C)C(N[N+]([O-])=O)=N2)=C1C3=NN(C)C(N[N+]([O-])=O)=N3,2,18,0,0,0,0,3,3,13,2,18,3,6,2,2,0,0,2,0,0,368.2300000000001,0.2983145384275081,-0.358899563,11.883793540564374,0.04407753842277673,-0.85770867,224.73000000000002,2,0,0,0,0,0,0,0,0,0,6,0,0,0,0,0,0,2,0,0,0,0,5,0,2,3,0,0,2,0,1,0,0,0,0,2.7165189069454945,0,0,0,0,0,0,0,0,0,-1.509997546,0,0,0,0,0,0,3.609780614023489,0,0,0,0,18.887322215923408,0,-1.703803898,2.0092899829047015,0,0,21.059074751604655,0,4.488946680524061,0,0,0,0,0,0,0,0,0,0,1,2,0,0,1,0,0.35746485879837847,0.677117146180136,5217.529369098491,0.4528063887764826,0.4562365912608968,-0.608315455,8,8,6,12,2,0,0,0,0,0.23529411764705882,0,0,0,0,0,0,1,2,0,0.4411764705882353,0,0,0,144,151.46489
[O-][N+](ON=C1CN2N=C(N=C2)/N=N/C3=NN(CC4=NO[N+]([O-])=C4C)C=N3)=C1C,0,16,0,0,0,0,4,4,14,0,16,4,6,0,0,0,0,0,0,0,388.30800000000016,0.2870269894657417,-0.359321416,11.198833574944091,0.07614846760048799,0.07614846760048799,192.07999999999998,2,0,2,0,0,2,0,0,0,0,6,0,0,0,0,0,0,0,0,0,0,2,6,0,0,4,0,0,0,0,2,0,0,0,0,3.157713526490787,0,0.3824127294277977,0,0,2.823755326733182,0,0,0,0,1.6608394635051331,0,0,0,0,0,0,0,0,0,0,7.706027179390274,23.407852418206232,0,0,3.4776801155066606,0,0,0,0,8.986052090851752,0,0,0,0,0,0,0,0,0,0,2,2,0,0,2,0,0.12321745258440187,0.9768489543481673,9955.039121856225,0.9604458613025606,0.4326462498841127,-1.071314524,12,12,4,12,0,0,0,0,0,0,0,0,0,0,0,0,2,2,0,0.5,0,0,0,197,209.5182
[O-][N+]1=C(C)C(CN2C=NC([N+]([O-])=O)=N2)=NO1,0,10,0,0,0,0,2,2,8,0,10,2,3,0,0,0,0,1,0,0,226.152,0.4904534848930788,-0.389691473,10.87743890148652,0.08870370370370351,-0.708400967,126.82000000000001,1,0,1,0,0,1,0,0,0,0,3,0,0,0,0,0,0,0,0,0,0,0,3,0,1,2,0,0,1,0,1,0,0,0,0,1.518030360292265,0,0.08870370370370351,0,0,1.1819406651549507,0,0,0,0,0.11490646258503423,0,0,0,0,0,0,0,0,0,0,0,10.50841553287982,0,-0.708400967,1.448076656588561,0,0,10.316713907785337,0,4.337460868606702,0,0,0,0,0,0,0,0,0,0,1,1,0,0,1,0,0.23062315319630217,0.9066856187031563,2024.0063913490135,0.7689074842818232,0.371431603523294,-0.778237645,6,6,4,6,0,0,0,0,1,0.18181818181818182,0,0,0,0,0,0,1,1,0,0.45454545454545453,0,0,0,239,224.1552
[O-][N+]1=C(C)C(CN2N=NN=C2/N=N/C3=NN=NN3CC4=NO[N+]([O-])=C4C)=NO1,0,18,0,0,0,0,4,4,16,0,18,4,6,0,0,0,0,0,0,0,390.2840000000002,0.288104731263996,-0.359321416,11.274203341875253,0.017977450239355486,0.017977450239355486,217.85999999999996,2,0,2,0,0,0,0,0,0,0,6,0,0,0,0,0,0,0,0,0,0,2,8,0,0,4,0,0,0,0,2,0,0,0,0,3.075431304742133,0,0.08035978818626743,0,0,0,0,0,0,0,1.2247214489906544,0,0,0,0,0,0,0,0,0,0,7.811255826404636,29.22150721589741,0,0,3.049869800015765,0,0,0,0,8.988447932012631,0,0,0,0,0,0,0,0,0,0,2,0,2,0,2,0,0.40390600124779247,0.9756240008370218,5119.7636001114815,1.2125612926064304,0.502198399114491,-0.860911541,10,10,4,14,0,0,0,0,0,0,0,0,0,0,0,0,2,0,2,0.5263157894736842,0,0,0,194,247.03151
[O-]C1=N[N+](C2=NNC(C([N+]([O-])=O)([N+]([O-])=O)[N+]([O-])=O)=N2)=NO1,1,17,0,0,0,0,2,2,12,1,17,2,5,0,1,0,0,3,0,0,303.107,0.7792933248668416,-0.525566481,10.782575795750398,0.326319916855631,-3.990237741,236.84999999999997,0,0,0,0,0,0,0,0,0,0,3,0,1,0,0,0,0,0,1,0,0,0,4,0,3,1,0,0,3,0,1,0,0,0,0,0,0,0,0,0,0,0,0,0,0,-3.195864827,0,-3.990237741,0,0,0,0,0,1.6677928949357521,0,0,0,12.399138794406651,0,-5.299960554,0.326319916855631,0,0,32.3477273872512,0,4.006925311791384,0,0,0,0,0,0,0,0,0,0,0,2,0,0,0,1,0.2266401144522821,0.9392127176539725,3245.940494788352,0.5011494653898689,0.41569478764924594,-0.02639332,4,1,8,9,0,0,1,0,0,0.45454545454545453,0,0,0,0,0,0,0,2,0,0.45454545454545453,0,0,0,128,101.49278
C=CC(N1N=C([N+]([O-])=O)C([N+]([O-])=O)=C1)=O,0,9,0,0,0,0,1,1,7,0,9,1,3,0,0,0,0,2,0,0,212.12099999999998,0.4678002852183976,-0.357561885,10.961388888888889,0.4893518518518518,-1.03670446,121.16999999999999,0,1,0,0,1,1,0,0,0,1,2,0,0,0,0,0,0,0,0,0,0,0,1,0,2,1,0,0,3,0,0,0,0,0,0,0,3.115538548752834,0,0,0.8337811791383221,0.6687962962962963,0,0,0,-0.785925926,-1.814444444,0,0,0,0,0,0,0,0,0,0,0,3.156851851851852,0,-2.024797808,0.4893518518518518,0,0,31.661118669690097,0,0,0,0,0,0,0,0,0,0,0,0,1,0,0,0,0,0,0.2815587014396219,0.7299777011247026,1786.8163677432792,0.09402751363215381,0.264000264000264,-0.678857822,6,4,5,4,0,0,0,0,2,0.42105263157894735,0,0,0,0,0,0,1,0,0,0.2631578947368421,1,0,0,194.8,238.87628
C=CC(N1N=C([N+]([O-])=O)C=C1[N+]([O-])=O)=O,0,9,0,0,0,0,1,1,7,0,9,1,3,0,0,0,0,2,0,0,212.12099999999998,0.42047176160344285,-0.357789257,11.030000000000001,0.310648148148148,-0.943055556,121.16999999999999,0,1,0,0,1,1,0,0,0,1,2,0,0,0,0,0,0,0,0,0,0,0,1,0,2,1,0,0,3,0,0,0,0,0,0,0,3.0887169312169314,0,0,0.7675850340136054,0.5986111111111112,0,0,0,-0.907592593,-1.538425926,0,0,0,0,0,0,0,0,0,0,0,3.156851851851852,0,-1.873741497,0.310648148148148,0,0,31.713673469387757,0,0,0,0,0,0,0,0,0,0,0,0,1,0,0,0,0,0,0.38064457918091427,0.6975420742993496,1556.2728700104915,0.5561187072186131,0.264000264000264,-0.678857822,6,4,5,4,0,0,0,0,2,0.42105263157894735,0,0,0,0,0,0,1,0,0,0.2631578947368421,1,0,0,255.1,236.4564
C=CCN1N=C([N+]([O-])=O)C([N+]([O-])=O)=C1,0,8,0,0,0,0,1,1,6,0,8,1,4,0,0,0,0,2,0,0,198.13799999999998,0.4672032673468341,-0.357562075,10.365744520030233,0.1891666666666667,-0.891148904,104.1,0,1,1,0,1,1,0,0,0,0,2,0,0,0,0,0,0,0,0,0,0,0,1,0,2,1,0,0,2,0,0,0,0,0,0,0,3.3840570672713532,0.1891666666666667,0,1.4310034013605442,0.9998148148148147,0,0,0,0,-1.366944444,0,0,0,0,0,0,0,0,0,0,0,3.4253703703703704,0,-1.733686697,1.0865740740740741,0,0,20.708989040060466,0,0,0,0,0,0,0,0,0,0,0,0,1,0,0,0,0,0,0.31068872584571094,0.7511469727027487,1520.1287179288652,0.5794249084038452,0.28263129737859466,-0.888269792,6,6,4,4,0,0,0,0,2,0.4,0,0,0,0,0,0,1,0,0,0.25,1,0,0,201.2,285.23743
C=CCN1N=C([N+]([O-])=O)C=C1[N+]([O-])=O,0,8,0,0,0,0,1,1,6,0,8,1,4,0,0,0,0,2,0,0,198.13799999999998,0.4197856406389952,-0.35780251,10.420336356764928,0.05967592592592608,-0.785130385,104.1,0,1,1,0,1,1,0,0,0,0,2,0,0,0,0,0,0,0,0,0,0,0,1,0,2,1,0,0,2,0,0,0,0,0,0,0,3.35723544973545,0.05967592592592608,0,1.3648072562358275,0.8090277777777777,0,0,0,0,-0.962824074,0,0,0,0,0,0,0,0,0,0,0,3.4253703703703704,0,-1.517769274,0.9078703703703703,0,0,20.69496976568405,0,0,0,0,0,0,0,0,0,0,0,0,1,0,0,0,0,0,0.3130171513288351,0.7261220352900941,1528.2790707990537,0.5160912614870715,0.28263129737859466,-0.888269792,6,6,4,4,0,0,0,0,2,0.4,0,0,0,0,0,0,1,0,0,0.25,1,0,0,217.4,283.87552
C12=NON=C1N3C(C4=NN=C(C5=CNN=C5)N42)=NN=C3C6=CNN=C6,2,13,0,0,0,0,6,6,11,2,13,6,2,0,2,0,0,0,0,0,334.2630000000001,0.22999334749135375,-0.284985068,4.964972127739984,0.4381897203325775,0.4381897203325775,156.66000000000003,0,0,0,0,0,4,0,0,0,0,4,4,0,0,0,0,0,0,2,0,0,0,8,0,0,2,0,0,0,0,1,0,0,0,0,0,0,0,0,0,6.697270953887115,0,0,0,0,2.5750638280003377,1.8238699924414215,0,0,0,0,0,0,5.500503425913779,0,0,0,32.855287264609956,0,0,3.4163657407407406,0,0,0,0,4.964972127739984,0,0,0,0,0,0,1,0,0,0,3,2,0,0,1,0,0.18387241628429893,0.831981120282426,4604.415388085521,0.40128665063015106,0.5025982534710692,-1.244529009,12,6,1,12,0,0,0,0,0,0,0,0,1,0,0,0,3,2,0,1,4,0,0,228,408.7768
ClC1=C(NC2=C([N+]([O-])=O)C=C([N+]([O-])=O)C=C2[N+]([O-])=O)C([N+]([O-])=O)=CC([N+]([O-])=O)=C1NC3=C([N+]([O-])=O)C=C([N+]([O-])=O)C=C3[N+]([O-])=O,2,26,0,0,0,3,0,3,18,2,27,3,12,0,2,0,0,8,8,2,654.7610000000002,0.3061901069682222,-0.337269668,11.842212055621147,0.1137499999999998,-1.406693377,369.17999999999995,0,0,0,0,0,5,0,0,0,0,13,0,0,0,0,0,0,2,0,0,0,0,0,0,8,0,0,0,8,0,0,0,1,0,0,0,0,0,0,0,1.0154027042915923,0,0,0,0,-16.93709591,0,0,0,0,0,0,3.760241727034656,0,0,0,0,0,0,-10.65004075,0,0,0,92.71043383554606,0,0,0,6.168402340360012,0,0,3,0,0,0,0,0,0,0,0,0,0,0,0.34130029871116,0.9536060591388504,13002.716570258171,1.348944581495469,0.21381847727644118,-0.574255339,18,7,16,10,0,0,0,0,8,0.6153846153846154,3,0,0,0,0,0,0,0,0,0.34615384615384615,0,0,0,236,284.42764
CN([N+]([O-])=O)C1=NC(N([N+]([O-])=O)C)=C([N+]([O-])=O)C(N[N+]([O-])=O)=C1[N+]([O-])=O,1,19,0,0,0,0,1,1,11,1,19,1,8,0,1,0,0,5,0,0,377.1860000000001,0.35326659854533876,-0.258112279,11.224587112622828,0.07909674981103532,-1.49250189,247.09999999999997,2,0,0,0,0,0,0,0,0,0,5,0,0,0,0,0,0,1,0,0,0,0,1,2,5,0,0,0,5,0,0,0,0,0,0,1.2917592592592595,0,0,0,0,0,0,0,0,0,-6.82787415,0,0,0,0,0,0,1.1733938019652306,0,0,0,0,3.248030990173847,-0.1581935,-6.657222222,0,0,0,54.881719576719576,0,0,0,0,0,0,0,1,0,0,0,0,0,0,0,0,0,0,0.5522057203458075,0.6000968601232272,4141.3033975706585,0.8458994923154532,0.3340526954871072,-0.318145424,7,7,10,9,3,0,0,0,2,0.6060606060606061,0,1,0,0,0,0,0,0,0,0.18181818181818182,1,0,0,124.6,135.9849
FC([N+]([O-])=O)(C1=NN(N=NN2C3=NC(C([N+]([O-])=O)(F)[N+]([O-])=O)=N2)C3=N1)[N+]([O-])=O,0,20,0,0,0,0,3,3,16,0,22,3,6,0,0,0,0,4,0,0,406.13800000000015,0.6795157426046996,-0.255509834,14.147690315336419,0.18322231670445954,-4.514819539,258.71999999999997,0,0,0,0,0,0,0,0,0,0,2,2,2,0,0,0,0,0,0,0,0,0,6,0,4,2,0,0,4,0,0,2,0,0,0,0,0,0,0,0,0,0,0,0,0,-3.297195872,-1.715702003,-9.029639078,0,0,0,0,0,0,0,0,0,18.645953955656335,0,-7.85831122,0.3664446334089191,0,0,42.879867809893064,0,0,28.295380630672835,0,0,0,0,0,0,0,1,0,0,2,0,0,0,0,0.1945380142449618,0.9608389944212614,6495.753005452204,0.7824335901430329,0.4136525023514174,-0.157581906,6,0,8,12,0,0,0,2,0,0.5,0,0,0,0,1,0,0,2,0,0.5714285714285714,3,0,0,167,83.64592
FC1=C(NC2=C([N+]([O-])=O)C=C([N+]([O-])=O)C=C2[N+]([O-])=O)C([N+]([O-])=O)=CC([N+]([O-])=O)=C1NC3=C([N+]([O-])=O)C=C([N+]([O-])=O)C=C3[N+]([O-])=O,2,26,0,0,0,3,0,3,18,2,27,3,12,0,2,0,0,8,8,2,638.3060000000003,0.30619079420990736,-0.336072318,16.002045540438395,0.04180555555555543,-2.236298711,369.17999999999995,0,0,0,0,0,5,0,0,0,0,13,0,0,0,0,0,0,2,0,0,0,0,0,0,8,0,0,0,8,0,0,1,0,0,0,0,0,0,0,0,0.5423868312757194,0,0,0,0,-20.12436443,0,0,0,0,0,0,3.274130615923545,0,0,0,0,0,0,-11.37463413,0,0,0,92.17355111949665,0,0,16.002045540438395,0,0,0,3,0,0,0,0,0,0,0,0,0,0,0,0.21777650688512087,0.9359346366543712,14529.30370786332,0.9696155335844756,0.21933054052445047,-0.589059166,18,7,16,10,0,0,0,0,8,0.6153846153846154,3,0,0,0,0,0,0,0,0,0.34615384615384615,0,0,0,226,289.61115
FC1=C(NC2=CC=C([N+]([O-])=O)C=C2[N+]([O-])=O)C([N+]([O-])=O)=CC([N+]([O-])=O)=C1NC3=C([N+]([O-])=O)C=C([N+]([O-])=O)C=C3,2,20,0,0,0,3,0,3,14,2,21,3,10,0,2,0,0,6,6,2,548.3120000000002,0.3022605243645973,-0.341789055,15.676129062736203,0.25217592592592575,-1.809072709,282.9,0,0,0,0,0,7,0,0,0,0,11,0,0,0,0,0,0,2,0,0,0,0,0,0,6,0,0,0,6,0,0,1,0,0,0,0,0,0,0,0,4.160568611421509,0,0,0,0,-11.68044054,0,0,0,0,0,0,4.050548321894823,0,0,0,0,0,0,-6.745198765,0,0,0,67.93586331968737,0,0,15.676129062736203,0,0,0,3,0,0,0,0,0,0,0,0,0,0,0,0.5717315148386101,0.6377549809347395,10100.068416279288,1.1296574488276907,0.20426326616962584,-0.831643298,18,9,12,8,0,0,0,0,6,0.5,3,0,0,0,0,0,0,0,0,0.375,0,0,0,313,269.88733
N#[N+]C1=N[N-]C2=C1C(NC3=NON=C23)=N[N+]([O-])=O,1,12,0,0,0,0,3,3,7,1,12,3,1,0,1,0,0,1,0,0,247.134,0.45993545233572086,-0.450416385,10.43374220521542,0.05314814814814839,-0.917884543,165.35,0,0,0,0,0,0,0,0,0,0,1,4,0,0,0,0,0,0,1,1,0,1,4,0,1,0,0,0,1,0,1,0,0,0,0,0,0,0,0,0,0,0,0,0,0,-0.215972222,0.512025699168557,0,0,0,0,0,0,2.515185185185185,8.743387424414209,0,3.1042592592592593,14.268484977324263,0,-0.917884543,0,0,0,10.43374220521542,0,4.4722399376417235,0,0,0,0,0,1,0,0,0,0,2,0,0,0,1,0,0.4168944130211327,0.5992678669271464,2122.719729213886,0.11548016693495367,0.5098448614921459,-0.615050944,6,1,3,9,1,0,0,0,0,0.21052631578947367,0,1,0,0,0,0,2,0,0,0.8421052631578947,3,0,0,181,269.3208
N(N=NN(N=C1C2=NN=NN2)N=C1C3=NN=NN3)(N=C4C5=NN=NN5)N=C4C6=NN=NN6,4,24,0,0,0,0,6,6,20,4,24,6,6,0,4,0,0,0,0,0,436.2880000000001,0.202020929123318,-0.237378097,4.162647077349458,0.20395868080933055,0.20395868080933055,303.97999999999996,0,0,0,0,0,0,0,0,0,0,8,0,0,0,0,0,0,0,4,0,0,2,16,0,0,2,0,0,0,0,0,0,0,0,0,0,0,0,0,0,0,0,0,0,0,1.6594317010550814,0,0,0,0,0,0,0,10.270881148688758,0,0,7.726742252456538,59.91750870480392,0,0,1.7587695263290495,0,0,0,0,0,0,0,0,0,0,0,0,0,0,0,0,2,4,0,0,0,0.28822662912516117,0.8887904955819703,6960.6129808417,1.0250343511532654,0.7701334898048994,-0.66011442,8,4,0,24,0,0,0,0,0,0,0,0,0,0,0,0,0,2,4,0.8333333333333334,0,0,0,263,258.8658
N/C(NC1=C(C([N+]([O-])=O)=NN1)[N+]([O-])=O)=N\[N+]([O-])=O,4,14,0,0,0,0,1,1,7,3,14,1,4,0,2,1,0,3,0,0,260.12600000000003,0.46941979800676814,-0.364357824,10.59838955026455,0.5881481481481476,-1.153821492,208.51,0,0,0,0,0,0,0,0,0,1,3,0,0,0,1,0,0,1,1,0,0,1,1,0,3,0,0,0,3,0,0,0,0,0,0,0,0,0,0,0,0,0,0,0,-0.804029667,-2.659536092,0,0,0,5.018043272864701,0,0,1.9203703703703705,1.9133172713529856,0,0,2.5925132275132277,3.060454459561602,0,-3.344243512,0,0,0,30.984888668430337,0,0,0,0,0,0,0,0,0,0,0,0,1,0,0,0,0,0,0.21669835978762275,0.8463197749104158,2834.056132835137,0.4589310954635394,0.4305605744908238,-0.246034614,4,4,6,8,1,0,0,0,2,0.5454545454545454,0,0,0,0,0,0,1,0,0,0.22727272727272727,1,0,0,221,148.461
N/C(NC1=C(C=C(C=C1[N+]([O-])=O)[N+]([O-])=O)[N+]([O-])=O)=N/[N+]([O-])=O,3,15,0,0,0,1,0,1,8,2,15,1,5,0,1,1,0,4,3,1,315.158,0.3062782518993831,-0.364391898,10.88088955026455,0.43925925925925924,-1.244652778,222.96999999999997,0,0,0,0,0,2,0,0,0,1,4,0,0,0,1,0,0,1,0,0,0,1,0,0,4,0,0,0,4,0,0,0,0,0,0,0,0,0,0,0,0.8785185185185187,0,0,0,-0.981432351,-3.914599658,0,0,0,5.0607303476946335,0,0,1.8194283824640967,0,0,0,2.557539840010078,0,0,-4.617873205,0,0,0,42.515510728982946,0,0,0,0,0,0,1,0,0,0,0,0,0,0,0,0,0,0,0.5453286136697747,0.8343874761510683,2630.9084335524053,0.78601017602724,0.31095513996154317,-0.431529582,7,5,8,7,1,0,0,0,3,0.5925925925925926,1,0,0,0,0,0,0,0,0,0.2222222222222222,1,0,0,211,118.34714
N/C(NC1=NC(N/C(N)=N/[N+]([O-])=O)=C(C(N)=C1[N+]([O-])=O)[N+]([O-])=O)=N\[N+]([O-])=O,8,20,0,0,0,0,1,1,10,5,20,1,6,0,2,3,0,4,0,0,388.21700000000016,0.34125205128833436,-0.387246689,11.150349741748553,0.9003675359032492,-1.246226091,312.29,0,0,0,0,0,0,0,0,0,2,5,0,0,0,3,0,0,2,0,0,0,2,1,0,4,0,0,0,4,0,0,0,0,0,0,0,0,0,0,0,0,0,0,0,-1.969011821,-5.198999013,0,0,0,15.69359320113108,0,0,3.72146022297808,0,0,0,5.200760847497861,3.4180990173847317,0,-4.862781924,0,0,0,42.83177306806816,0,0,0,0,0,0,0,1,0,0,0,0,0,0,0,0,0,0,0.39841473597419763,0.6796517599555061,5125.684883899148,0.4384104270190467,0.4327476643217582,-0.412140633,7,8,8,12,2,0,0,0,2,0.45714285714285713,0,1,0,0,0,0,0,0,0,0.17142857142857143,1,0,0,225,179.4612
N/N=C1C2=NN=NN2N=C(NN)C\1=N\N,7,11,0,1,1,0,1,1,11,4,11,2,0,0,1,3,0,0,0,0,209.17700000000002,0.22921978984197613,-0.322496473,5.2171126228269085,0.16805555555555585,0.16805555555555585,170.77,0,0,0,0,0,0,0,0,0,3,1,0,0,0,3,0,0,1,0,0,0,3,3,0,0,1,0,0,0,0,0,0,0,0,0,0,0,0,0,0,0,0,0,0,0.5502314814814824,0.23675925925925934,0,0,0,15.554780801209372,0,0,2.2863425925925926,0,0,0,10.820138888888888,10.611700680272108,0,0,1.1067129629629628,0,0,0,0,0,0,0,0,0,0,0,1,0,0,0,0,0,1,0,0,0,0.4455691716537958,0.5643461324598666,1517.6412759066648,0.22807572462934322,0.7362186091205052,-0.879637819,4,7,0,11,0,0,0,0,0,0,0,0,1,0,0,0,0,0,1,0.5,2,0,0,239,378.98474
N=C(NC1=C(C([N+]([O-])=O)=NN1)[N+]([O-])=O)N,5,11,0,0,0,0,1,1,6,4,11,1,3,0,3,1,0,2,0,0,215.129,0.46941976971341026,-0.36983067,10.479448223733938,0.40351851851851817,-1.013938964,176.86,0,0,0,0,0,0,0,0,0,1,3,0,0,0,1,0,1,1,1,0,0,0,1,0,2,0,0,0,2,0,0,0,0,0,0,0,0,0,0,0,0,0,0,0,-0.600325964,-2.210046296,0,0,0,4.910821050642479,0,6.812462207105064,2.026898148148148,2.0031018518518517,0,0,0,3.109490740740741,0,-2.007087113,0,0,0,20.810676020408163,0,0,0,0,0,0,0,0,0,0,0,0,1,0,0,0,0,0,0.2645708576544461,0.7879912298658006,1689.882253675267,0.45062285183704587,0.4555406291109054,-0.483430872,4,5,4,7,0,0,0,0,2,0.4,0,0,0,0,0,0,1,0,0,0.25,1,0,0,249,306.03366
NC(C1=NON=C1N=C2N)=C2C3=NN=NN3,5,10,0,0,0,0,3,3,9,3,10,3,1,0,1,2,0,0,0,0,219.168,0.22773437933990073,-0.396046068,5.857407407407408,0.1520833333333338,0.1520833333333338,158.30999999999997,0,0,0,0,0,0,0,0,0,0,4,2,0,0,2,0,0,0,1,0,0,0,6,0,0,0,0,0,0,0,1,0,0,0,0,0,0,0,0,0,0,0,0,0,0,1.1131018518518534,0.561874527588814,0,0,11.579166666666666,0,0,0,2.5409618291761147,0,0,0,21.691713435374147,0,0,0,0,0,0,0,4.513181689342404,0,0,0,0,0,1,0,0,0,0,1,0,1,0,1,0,0.22794409248561437,0.8100897754221092,1725.5929220775763,0.29220915636622385,0.5749014454664912,-0.985545335,6,5,1,9,0,0,0,0,0,0,0,1,0,0,0,0,1,0,1,0.7619047619047619,2,0,0,345,333.9322
NC(N1N=C(C([N+]([O-])=O)([N+]([O-])=O)[N+]([O-])=O)N=C1N=N2)=C2C3=NN=NN3,3,19,0,0,0,0,3,3,15,2,19,3,5,0,1,1,0,3,0,0,353.175,0.764591556377831,-0.381555188,11.054403106947298,0.061998141849332056,-4.033634574,265.86999999999995,0,0,0,0,0,0,0,0,0,0,4,1,1,0,1,0,0,0,1,0,0,0,7,0,3,1,0,0,3,0,0,0,0,0,0,0,0,0,0,0,0,0,0,0,0,-1.955101883,-0.542917139,-4.033634574,0,5.727958238851096,0,0,0,2.309759897014361,0,0,0,23.878374717789626,0,-5.230140306,0.6026157407407406,0,0,33.163209320841894,0,0,0,0,0,0,0,0,0,1,0,0,0,1,1,0,0,0,0.16863605229164744,0.9588142153217729,4934.028780463183,0.5709080095244463,0.5153252636794791,-0.339774899,6,3,6,13,0,0,1,0,0,0.35714285714285715,0,0,0,1,0,0,0,1,1,0.5714285714285714,2,0,0,143,118.11144
NC(N1N=C2C([N+]([O-])=O)([N+]([O-])=O)[N+]([O-])=O)=C(C3=NN=NN3)C=NC1=C2[N+]([O-])=O,3,20,0,0,0,0,3,3,15,2,20,3,6,0,1,1,0,4,0,0,396.1960000000001,0.7541831450661374,-0.382912087,11.401302595112119,0.0873193814562856,-4.364583648,283.22999999999996,0,0,0,0,0,1,0,0,0,0,5,1,1,0,1,0,0,0,1,0,0,0,5,0,4,1,0,0,4,0,0,0,0,0,0,0,0,0,0,0,0.9141666666666666,0,0,0,0,-3.781031589,-0.802176398,-4.364583648,0,5.776898148148148,0,0,0,2.2961721702569915,0,0,0,17.001772771455535,0,-7.080589175,0.4132638888888889,0,0,45.18805358262069,0,0,0,0,0,0,0,0,1,0,0,0,1,0,1,0,0,0,0.23771237940627046,0.8970093404671569,5510.522603683544,0.5499283449408128,0.4240325495461842,-0.403840523,8,4,8,12,0,0,1,0,1,0.4375,0,0,1,0,0,0,1,0,1,0.5,2,0,0,155,123.02753
NC(NC1=NC(NC(N)=N)=C(C(N)=C1[N+]([O-])=O)[N+]([O-])=O)=N,10,14,0,0,0,0,1,1,8,7,14,1,4,0,4,3,0,2,0,0,298.223,0.3412489034633093,-0.38724669,10.956717057193249,0.5978240740740739,-1.015720427,248.98999999999998,0,0,0,0,0,0,0,0,0,2,5,0,0,0,3,0,2,2,0,0,0,0,1,0,2,0,0,0,2,0,0,0,0,0,0,0,0,0,0,0,0,0,0,0,-1.402540627,-3.872033258,0,0,0,15.492955089443186,0,14.06430366591081,4.059480347694633,0,0,0,0,3.529074074074074,0,-2.031440854,0,0,0,21.913434114386497,0,0,0,0,0,0,0,1,0,0,0,0,0,0,0,0,0,0,0.4913873806905847,0.5647384341737084,3158.0106275628686,0.46818543894949693,0.4694473598615803,-0.804766903,7,10,4,10,0,0,0,0,2,0.25806451612903225,0,1,0,0,0,0,0,0,0,0.1935483870967742,1,0,0,187,330.95514
NC1=C([N+]([O-])=NC2=NC(C([N+]([O-])=O)([N+]([O-])=O)[N+]([O-])=O)=NN12)C3=NN=NN3,3,20,0,0,0,0,3,3,15,2,20,3,5,0,1,1,0,3,0,0,369.1740000000001,0.764593918563634,-0.593558917,11.940240457294028,0.1413888888888888,-4.123203735,279.91999999999996,0,0,0,0,0,0,0,0,0,0,4,1,1,0,1,0,0,0,1,0,0,0,6,0,3,2,0,0,3,0,0,0,0,0,0,0,0,0,0,0,0,0,0,0,0,-2.850287069,-0.765139361,-4.123203735,0,5.670458238851096,0,0,0,2.1922598970143614,0,0,0,19.678400227993706,0,-5.403290816,0.3237268518518521,0,0,33.210084320841894,0,0,0,0,0,0,0,0,0,1,0,0,0,1,1,0,0,0,0.17621652382910521,0.9369816743505214,5304.262747287876,0.5607477785377349,0.4929924642580464,-0.28170998,6,3,7,13,0,0,1,0,0,0.3448275862068966,0,0,0,1,0,0,0,1,1,0.5517241379310345,2,0,0,146,124.5768
NC1=C([N+]([O-])=O)C(N)=NN2C1=NC=C2[N+]([O-])=O,4,11,0,0,0,0,2,2,9,2,11,2,2,0,0,2,0,2,0,0,239.151,0.36827075213280025,-0.388052844,10.66160194633409,0.18277777777777748,-0.82125,168.51,0,0,0,0,0,1,0,0,0,0,4,1,0,0,2,0,0,0,0,0,0,0,2,0,2,1,0,0,2,0,0,0,0,0,0,0,0,0,0,0,0.8907331821617535,0,0,0,0,-1.969448224,-0.182777778,0,0,10.779268707482993,0,0,0,0,0,0,0,7.104907407407407,0,-1.573518519,0.7476851851851849,0,0,21.268241685563112,0,0,0,0,0,0,0,0,1,0,0,0,1,0,0,0,0,0,0.24442855755428122,0.7840880354452695,2065.758867589705,0.11430892083675066,0.4097829404853,-0.702485041,6,5,4,7,0,0,0,0,2,0.36363636363636365,0,0,1,0,0,0,1,0,0,0.5,2,0,0,324,303.6439
NC1=C([N+]([O-])=O)C(NC(N)=N)=NC=C1[N+]([O-])=O,6,11,0,0,0,0,1,1,7,4,11,1,3,0,2,2,0,2,0,0,241.167,0.3410769704550822,-0.387321512,10.71055933484505,0.4253703703703702,-0.943842593,187.08999999999997,0,0,0,0,0,1,0,0,0,1,4,0,0,0,2,0,1,1,0,0,0,0,1,0,2,0,0,0,2,0,0,0,0,0,0,0,0,0,0,0,0.7436574074074074,0,0,0,-0.602913832,-2.565229592,0,0,0,10.263419312169312,0,6.9074431531872005,2.0673913454270596,0,0,0,0,3.426851851851852,0,-1.839794501,0,0,0,21.216254094230287,0,0,0,0,0,0,0,1,0,0,0,0,0,0,0,0,0,0,0.32069043531334696,0.7419344062295082,2178.4349237409197,0.4610937375882586,0.40635742037675127,-0.762956789,6,7,4,7,0,0,0,0,2,0.3333333333333333,0,1,0,0,0,0,0,0,0,0.25,1,0,0,217,312.42044
NC1=C([N+]([O-])=O)C(NC2=C([N+]([O-])=O)C(N[N+]([O-])=O)=NN12)=O,4,15,0,0,0,0,2,2,10,3,15,2,4,0,2,1,0,3,0,0,300.14700000000005,0.37502812798146573,-0.377666066,11.506535808767952,0.4618055555555556,-1.304950869,217.62999999999997,0,0,0,0,0,0,0,0,0,0,4,1,0,0,1,0,0,1,1,0,0,0,1,0,3,1,0,0,4,0,0,0,0,0,0,0,0,0,0,0,0,0,0,0,0,-3.690699169,-0.627361111,0,0,5.352487717309145,0,0,1.440659013605442,1.843039493575208,0,0,0,3.3804166666666666,0,-3.29703688,0.4618055555555556,0,0,43.47408769526329,0,0,0,0,0,0,0,0,1,0,0,0,1,0,0,0,0,0,0.27177603508387227,0.7455638424647987,3515.790921059765,0.1755104434180503,0.3731504895934326,-0.37315049,6,4,7,8,1,0,0,0,2,0.48,0,0,1,0,0,0,1,0,0,0.44,2,0,0,105,169.01779
NC1=C([N+]([O-])=O)C(NC2=C([N+]([O-])=O)C=NN12)=O,3,11,0,0,0,0,2,2,8,2,11,2,2,0,1,1,0,2,0,0,240.135,0.3750268380299208,-0.377667077,11.327314814814816,0.3026851851851846,-1.121666667,162.46,0,0,0,0,0,1,0,0,0,0,3,1,0,0,1,0,0,0,1,0,0,0,1,0,2,1,0,0,3,0,0,0,0,0,0,0,0,0,0,0,0.8386498488284202,0,0,0,0,-1.971253779,-0.302685185,0,0,5.350421390778534,0,0,0,1.9919907407407407,0,0,0,3.4990277777777776,0,-1.773148148,0.7337962962962963,0,0,32.45775793650794,0,0,0,0,0,0,0,0,1,0,0,0,1,0,0,0,0,0,0.2309698469917314,0.7870746113449213,2100.775469265446,0.10435520189789942,0.34980323567993,-0.59966269,6,4,5,6,0,0,0,0,2,0.38095238095238093,0,0,1,0,0,0,1,0,0,0.5238095238095238,2,0,0,288,300.10297
NC1=C([N+]([O-])=O)C=NC2=C([N+]([O-])=O)C([N+]([O-])=O)=NN12,2,13,0,0,0,0,2,2,10,1,13,2,3,0,0,1,0,3,0,0,269.133,0.47030847685920374,-0.376178001,10.764489323507181,0.49444444444444446,-1.09912037,185.62999999999997,0,0,0,0,0,1,0,0,0,0,4,1,0,0,1,0,0,0,0,0,0,0,2,0,3,1,0,0,3,0,0,0,0,0,0,0,0,0,0,0,0.6697146636432354,0,0,0,0,-3.331211262,-0.541851852,0,0,5.376027966742252,0,0,0,0,0,0,0,6.680185185185184,0,-3.043703704,0.49444444444444446,0,0,32.01486394557823,0,0,0,0,0,0,0,0,1,0,0,0,1,0,0,0,0,0,0.2267601953418547,0.7931020504839894,2785.316458455071,0.17957882182678675,0.3641322320191133,-0.445876202,6,3,6,7,0,0,0,0,3,0.5454545454545454,0,0,1,0,0,0,1,0,0,0.5,2,0,0,287,263.80667
NC1=C([N+]([O-])=O)C=NC2=C([N+]([O-])=O)C=NN12,2,10,0,0,0,0,2,2,8,1,10,2,2,0,0,1,0,2,0,0,224.136,0.33315342468030085,-0.377802704,10.543655990173848,0.13138888888888856,-0.740787037,142.48999999999998,0,0,0,0,0,2,0,0,0,0,3,1,0,0,1,0,0,0,0,0,0,0,2,0,2,1,0,0,2,0,0,0,0,0,0,0,0,0,0,0,1.7934183673469388,0,0,0,0,-1.115559335,-0.131388889,0,0,5.4295880574452,0,0,0,0,0,0,0,7.14712962962963,0,-1.43462963,0.8574074074074074,0,0,21.060350529100532,0,0,0,0,0,0,0,0,1,0,0,0,1,0,0,0,0,0,0.19713806285837196,0.8183949493481978,1948.0808951824165,0.10379987746122335,0.3747724595781132,-0.713852304,6,4,4,6,0,0,0,0,2,0.4,0,0,1,0,0,0,1,0,0,0.55,2,0,0,281,287.5935
NC1=C([N+]([O-])=O)N=NC2=NC(C3=NON=C3[N+]([O-])=O)=NN12,2,15,0,0,0,0,3,3,13,1,15,3,3,0,0,1,0,2,0,0,294.147,0.4455596932568742,-0.376352675,10.720462543041908,0.20333522297807938,-0.857904069,207.18999999999997,0,0,0,0,0,0,0,0,0,0,5,1,0,0,1,0,0,0,0,0,0,0,6,0,2,1,0,0,2,0,1,0,0,0,0,0,0,0,0,0,0,0,0,0,0,-2.543035058,-0.203335223,0,0,5.507436933106576,0,0,0,0,0,0,0,20.602086876417232,0,-1.710074326,0.8044368858654571,0,0,21.39968358948518,0,4.243116732804233,0,0,0,0,0,0,0,1,0,0,1,1,0,0,1,0,0.17129619057470286,0.8450114233010445,3727.6437133153604,0.24289262340773995,0.4759524999405059,-0.435156571,6,2,5,10,0,0,0,0,2,0.34782608695652173,0,0,0,1,0,0,1,1,0,0.6956521739130435,2,0,0,247,257.23676
NC1=C(C#N)N=NC2=NC(C([N+]([O-])=O)([N+]([O-])=O)[N+]([O-])=O)=NN12,2,16,0,0,0,0,2,2,13,1,16,2,4,0,0,1,1,3,0,0,310.1460000000001,0.7645915594740799,-0.381051456,10.902999338624339,0.44642668178382405,-4.03477525,235.19999999999996,0,0,0,0,0,0,0,0,1,0,3,1,1,0,1,0,0,0,0,1,0,0,4,0,3,1,0,0,3,0,0,0,0,0,0,0,0,0,0,0,0,0,0,1.514827333711262,0,-2.32255291,-0.582013889,-4.03477525,0,5.440319349962207,0,0,0,0,8.690545280612247,0,0,13.088028155706727,0,-5.301795399,0.5060879629629631,0,0,32.708998015873014,0,0,0,0,0,0,0,0,0,1,0,0,0,1,0,0,0,0,0.2402505678146437,0.9421839831105177,3204.0616285816377,0.48206584377844713,0.45140030824192473,-0.361120247,6,2,6,10,0,0,1,0,0,0.4166666666666667,0,0,0,1,0,0,0,1,0,0.4583333333333333,2,0,0,169,94.27695
NC1=C(C(N)=NN1C2=NN3N=NN=C3C(N)=C2[N+]([O-])=O)[N+]([O-])=O,6,16,0,0,0,0,3,3,14,3,16,3,3,0,0,3,0,2,0,0,322.2050000000001,0.3540977290420761,-0.38980998,11.279028722600152,0.17254703115814185,-0.876083081,238.13,0,0,0,0,0,0,0,0,0,0,6,1,0,0,3,0,0,0,0,0,0,0,5,0,2,2,0,0,2,0,0,0,0,0,0,0,0,0,0,0,0,0,0,0,0,-3.479157218,-0.172547031,0,0,16.663000125976318,0,0,0,0,0,0,0,17.578994394053918,0,-1.741667926,1.4205262660619802,0,0,22.198759028302682,0,0,0,0,0,0,0,0,1,0,0,0,1,0,1,0,0,0,0.265122591642726,0.8154354314956933,3805.5615885327034,0.7531924134240282,0.5214071786595491,-0.645551745,7,6,4,12,0,0,0,0,2,0.27586206896551724,0,0,1,0,0,0,1,0,1,0.5517241379310345,2,0,0,281,283.3383
NC1=C(C(N/C(N)=N\[N+]([O-])=O)=NN2N=NN=C12)[N+]([O-])=O,5,15,0,0,0,0,2,2,10,3,15,2,3,0,1,2,0,2,0,0,283.16800000000006,0.33982239833907857,-0.389811137,10.964988189720334,0.14626254514151316,-1.090203452,218.67999999999995,0,0,0,0,0,0,0,0,0,1,3,1,0,0,2,0,0,1,0,0,0,1,4,0,2,1,0,0,2,0,0,0,0,0,0,0,0,0,0,0,0,0,0,0,-0.724606954,-1.559628685,-0.146262545,0,0,10.720616024187454,0,0,2.08287037037037,0,0,0,2.7116855631141346,13.6989630574452,0,-1.952518267,0.7957407407407406,0,0,21.10323701394138,0,0,0,0,0,0,0,0,1,0,0,0,0,0,1,0,0,0,0.5089743149202091,0.7245616364019386,2287.7518615819795,0.7705378683615011,0.5438467623460279,-0.480280258,5,5,4,11,1,0,0,0,1,0.32,0,0,1,0,0,0,0,0,1,0.44,2,0,0,217,107.705086
NC1=C(C(N[N+]([O-])=O)=O)N=NC2=NC(C([N+]([O-])=O)([N+]([O-])=O)[N+]([O-])=O)=NN12,3,20,0,0,0,0,2,2,15,2,20,2,6,0,1,1,0,4,0,0,373.1580000000001,0.7645915564118662,-0.381497884,11.526523644179896,0.2940896636432351,-4.177183957,283.65,0,0,0,0,0,0,0,0,0,1,3,1,1,0,1,0,0,1,0,0,0,0,4,0,4,1,0,0,5,0,0,0,0,0,0,0,0,0,0,0,0,0,0,0,-1.469405549,-3.248206045,-0.773075869,-4.177183957,0,5.445509259259259,0,0,1.170871008125473,0,0,0,0,12.70840057319224,0,-6.818548702,0.2940896636432351,0,0,54.738703297772794,0,0,0,0,0,0,0,0,0,1,0,0,0,1,0,0,0,0,0.13858247082702715,0.9635392000568415,6238.727825538779,0.5833887887814899,0.4126938187041414,-0.192947759,6,3,9,11,1,0,1,0,0,0.4827586206896552,0,0,0,1,0,0,0,1,0,0.3793103448275862,2,0,0,142,119.16016
NC1=C(C(N2N=C(N=C2N)[N+]([O-])=O)=NN3N=NN=C13)[N+]([O-])=O,4,16,0,0,0,0,3,3,14,2,16,3,3,0,0,2,0,2,0,0,308.17800000000005,0.4930071484835153,-0.389809204,11.20494283824641,0.16329958217855012,-0.919046044,225,0,0,0,0,0,0,0,0,0,0,5,1,0,0,2,0,0,0,0,0,0,0,6,0,2,2,0,0,2,0,0,0,0,0,0,0,0,0,0,0,0,0,0,0,0,-2.981613757,-0.163299582,0,0,11.1082350718065,0,0,0,0,0,0,0,20.70702617157974,0,-1.7808516,1.4011574074074071,0,0,21.854673143948936,0,0,0,0,0,0,0,0,1,0,0,0,0,1,1,0,0,0,0.2661011881751513,0.8171782413218798,3385.7028266059333,0.5913426282514221,0.5451394973035064,-0.519180474,6,4,4,12,0,0,0,0,2,0.3076923076923077,0,0,1,0,0,0,0,1,1,0.6153846153846154,2,0,0,275,262.9138
NC1=C(C(NC2=NN3C(C(N)=C2[N+]([O-])=O)=NN=N3)=NN4C1=NN=N4)[N+]([O-])=O,5,19,0,0,0,0,4,4,17,3,19,4,4,0,1,2,0,2,0,0,375.2290000000001,0.33977834412534397,-0.389811143,11.406328945158311,0.17578598723439964,-0.857055304,262.2899999999999,0,0,0,0,0,0,0,0,0,0,6,2,0,0,2,0,0,1,0,0,0,0,8,0,2,2,0,0,2,0,0,0,0,0,0,0,0,0,0,0,0,0,0,0,0,-3.296052427,-0.351571974,0,0,11.438127467036198,0,0,2.351018518518518,0,0,0,0,28.178606072058454,0,-1.714110607,1.6020005039052656,0,0,22.812657890316622,0,0,0,0,0,0,0,0,2,0,0,0,0,0,2,0,0,0,0.32103601080625477,0.7311244827809139,5295.382311173266,0.44170885915852703,0.5596582353709335,-0.618289098,8,5,4,15,0,0,0,0,2,0.25,0,0,2,0,0,0,0,0,2,0.6875,2,1,0,288,272.2482
NC1=C(C=NC2=C(C(C([N+]([O-])=O)([N+]([O-])=O)[N+]([O-])=O)=NN12)[N+]([O-])=O)[N+]([O-])=O,2,19,0,0,0,0,2,2,14,1,19,2,6,0,0,1,0,5,0,0,373.15400000000005,0.7541831760108366,-0.377802452,11.211155990173847,0.10798611111111134,-4.460988993,271.90999999999997,0,0,0,0,0,1,0,0,0,0,4,1,1,0,1,0,0,0,0,0,0,0,2,0,5,1,0,0,5,0,0,0,0,0,0,0,0,0,0,0,0.42587962962962966,0,0,0,0,-5.298567649,-0.997199074,-4.460988993,0,5.360509259259259,0,0,0,0,0,0,0,6.336778155706726,0,-8.552544879,0.10798611111111134,0,0,55.330740386432346,0,0,0,0,0,0,0,0,1,0,0,0,1,0,0,0,0,0,0.2885472864085188,0.8436433410019505,4332.395610459103,0.5167849233373921,0.3376621984488978,-0.235827567,7,3,10,9,0,0,1,0,2,0.6206896551724138,0,0,1,0,0,0,1,0,0,0.3793103448275862,2,0,0,178,105.45074
NC1=C(C=NC2=C(C(C([N+]([O-])=O)([N+]([O-])=O)[N+]([O-])=O)=NN12)[N+]([O-])=O)C(O)=O,3,18,0,0,0,0,2,2,13,2,18,2,6,0,0,1,0,4,0,0,372.16600000000005,0.7541831451321649,-0.477499709,11.228710002519527,0.16881944444444463,-4.438561272,266.06999999999994,0,0,0,0,0,1,0,0,0,1,4,1,1,0,1,0,0,0,0,0,0,0,2,0,4,1,0,1,5,0,0,0,0,0,0,0,0,0,0,0,0.5254166666666666,0,0,0,-1.666023085,-4.945251323,-0.956087963,-4.438561272,0,5.421342592592592,0,0,0,0,0,0,0,6.438722600151172,0,-7.390863095,0.16881944444444463,0,8.915287029163517,55.58508452223482,0,0,0,0,0,0,0,0,1,0,0,0,1,0,0,0,0,0,0.2656290622856788,0.8796029424361727,4361.898649435673,0.47884785568572774,0.3009409779506994,-0.343932546,8,4,10,8,0,0,1,0,1,0.4666666666666667,0,0,1,0,0,0,1,0,0,0.36666666666666664,2,0,0,144,111.554794
NC1=C(C2=NN=NN2)C(N[N+]([O-])=O)=NC3=NON=C13,4,13,0,0,0,0,3,3,10,3,13,3,3,0,2,1,0,1,0,0,264.165,0.22793246213000057,-0.396042909,10.568468679138322,0.02599489795918397,-0.797207105,187.45999999999998,0,0,0,0,0,0,0,0,0,0,4,2,0,0,1,0,0,1,1,0,0,0,6,0,1,0,0,0,1,0,1,0,0,0,0,0,0,0,0,0,0,0,0,0,0,0.07180555555555723,0.17904856386999302,0,0,5.850513983371126,0,0,1.8905092592592592,2.4311772486772485,0,0,0,21.261129535147393,0,-0.797207105,0,0,0,10.568468679138322,0,4.476085600907029,0,0,0,0,0,1,0,0,0,0,1,0,1,0,1,0,0.4479167463376115,0.5843672459796021,2482.6279980347313,0.3426223556705482,0.5299717979293246,-0.66625026,6,4,3,10,1,0,0,0,0,0.17391304347826086,0,1,0,0,0,0,1,0,1,0.6956521739130435,2,0,0,249,148.461
NC1=C(C2=NN=NN2)C=NC3=C([N+]([O-])=O)C([N+]([O-])=O)=NN13,3,14,0,0,0,0,3,3,11,2,14,3,3,0,1,1,0,2,0,0,292.175,0.4703036738500621,-0.381309964,10.954635928445454,0.12986111111111098,-0.984196507,196.94999999999996,0,0,0,0,0,1,0,0,0,0,5,1,0,0,1,0,0,0,1,0,0,0,5,0,2,1,0,0,2,0,0,0,0,0,0,0,0,0,0,0,1.158001700680272,0,0,0,0,-1.584961262,-0.346829176,0,0,5.79241685563114,0,0,0,2.424823790627362,0,0,0,17.595834278155706,0,-1.9260782,0.7997222222222222,0,0,21.793534895439656,0,0,0,0,0,0,0,0,1,0,0,0,1,0,1,0,0,0,0.17747827210598122,0.8352910483567807,3693.2823420107,0.21977160834178391,0.47916488405921115,-0.657140412,7,4,4,10,0,0,0,0,2,0.32,0,0,1,0,0,0,1,0,1,0.64,2,0,0,147.5,259.54984
NC1=C(C2=NN=NN2)C=NC3=C([N+]([O-])=O)C(N[N+]([O-])=O)=NN31,4,15,0,0,0,0,3,3,11,3,15,3,4,0,2,1,0,2,0,0,307.19000000000005,0.36273743201931036,-0.382911105,11.073524817334341,0.08051114890400579,-0.979916383,208.98,0,0,0,0,0,1,0,0,0,0,5,1,0,0,1,0,0,1,1,0,0,0,5,0,2,1,0,0,2,0,0,0,0,0,0,0,0,0,0,0,1.1919444444444443,0,0,0,0,-0.9656229,-0.261042139,0,0,5.848043272864701,0,0,1.6305060311161501,2.444295241244646,0,0,0,17.90823494361779,0,-1.830825853,0.8906944444444445,0,0,21.571886257614974,0,0,0,0,0,0,0,0,1,0,0,0,1,0,1,0,0,0,0.23962780401348888,0.777108594812627,3986.3726419136296,0.28517325601233534,0.5013184022917414,-0.65106286,7,5,4,11,1,0,0,0,1,0.2962962962962963,0,0,1,0,0,0,1,0,1,0.5925925925925926,2,0,0,154,152.59914
NC1=C(C2=NN=NN2)N=NC3=NC(C4=NON=C4N)=NN31,5,14,0,0,0,0,4,4,13,3,14,4,2,0,1,2,0,0,0,0,287.20700000000005,0.273792388211703,-0.381555098,5.966649896069539,0.05286554127823995,0.05286554127823995,201.39000000000001,0,0,0,0,0,0,0,0,0,0,6,1,0,0,2,0,0,0,1,0,0,0,9,0,0,1,0,0,0,0,1,0,0,0,0,0,0,0,0,0,0,0,0,0,0,1.0199662488452192,0.15381897203325812,0,0,11.550753357676609,0,0,0,2.5288461881666247,0,0,0,33.65954473725262,0,0,1.2582407407407405,0,0,0,0,4.495496421951598,0,0,0,0,0,0,0,1,0,0,1,1,1,0,1,0,0.10505137049850648,0.8987005038623331,4196.686545352032,0.12446029781140634,0.6336892903028131,-0.863488703,7,5,1,13,0,0,0,0,0,0,0,0,0,1,0,0,1,1,1,0.8076923076923077,2,0,0,241,311.73834
NC1=C(C2=NN=NN2)N=NC3=NC(C4=NON=C4N=[N+]=[N-])=NN31,3,16,0,0,0,0,4,4,13,2,16,4,3,0,1,1,0,0,0,0,313.20500000000004,0.2737911491582907,-0.381555098,8.473628293475599,0.03757587448559696,-0.11611594,224.13000000000002,0,0,0,0,0,0,0,0,0,0,6,1,0,0,1,0,0,0,1,0,0,1,9,0,0,1,0,0,0,0,1,0,0,0,0,0,0,0,0,0,0,0,0,0,0,0.4593328304691966,0.08667753212396123,0,0,5.974620575081884,0,0,0,2.5104084012061105,0,0,3.3189264193331653,33.52656229537345,0,0,1.2031103552532123,0,0,0,0,4.508551977507154,0,0,0,0,0,0,0,1,0,0,1,1,1,0,1,0,0.13778709569800704,0.8942074160777548,4693.184427319546,0.387461996779735,0.6704873804696605,-0.740728916,7,3,1,15,0,0,0,0,0,0,0,0,0,1,0,0,1,1,1,0.8076923076923077,2,0,1,171,290.12265
NC1=C(N=NC2=NC(C([N+]([O-])=O)([N+]([O-])=O)[N+]([O-])=O)=NN12)[N+]([O-])=O,2,18,0,0,0,0,2,2,14,1,18,2,5,0,0,1,0,4,0,0,330.13300000000004,0.7645927037050879,-0.376352747,10.899172178130511,0.2973379629629631,-4.130039919,254.54999999999998,0,0,0,0,0,0,0,0,0,0,3,1,1,0,1,0,0,0,0,0,0,0,4,0,4,1,0,0,4,0,0,0,0,0,0,0,0,0,0,0,0,0,0,0,0,-3.356897203,-0.737939815,-4.130039919,0,5.311569349962207,0,0,0,0,0,0,0,12.455292894935752,0,-6.579070295,0.2973379629629631,0,0,43.32820684523809,0,0,0,0,0,0,0,0,0,1,0,0,0,1,0,0,0,0,0.21697417660901952,0.9469716706937663,3757.6218977650556,0.5351098191154942,0.4240715105730115,-0.145395946,5,2,8,10,0,0,1,0,1,0.56,0,0,0,1,0,0,0,1,0,0.44,2,0,0,177,97.989624
NC1=NC(C2=[N+]([O-])ON=C2C3=NN(C)C(N)=N3)=NN1C,4,12,0,0,0,0,3,3,11,2,12,3,2,2,0,2,0,0,0,0,278.236,0.2983115992092635,-0.367987393,11.689890400604686,0.038981481481481284,-0.038981481,166.43,2,0,0,0,0,0,0,0,0,0,6,0,0,0,2,0,0,0,0,0,0,0,5,0,0,3,0,0,0,0,1,0,0,0,0,3.193463351389939,0,0,0,0,0,0,0,0,0,0.535172062652223,0,0,0,11.177896772906694,0,0,0,0,0,0,0,19.53825396825397,0,0,2.8116367472915087,0,0,0,0,4.553686696900982,0,0,0,0,0,0,0,0,0,0,1,2,0,0,1,0,0.36363944647543794,0.6556604816039,2983.0405373282697,0.38611029126025415,0.503169970816142,-1.092597651,8,10,2,10,0,0,0,0,0,0,0,0,0,0,0,0,1,2,0,0.5,0,0,0,278,331.3906
NC1=NC(C2=CC([N+]([O-])=O)=CC([N+]([O-])=O)=C2)=NO1,2,10,0,0,0,1,1,2,8,1,10,2,3,0,0,1,0,2,2,2,251.158,0.3186772080863574,-0.351250611,10.658508361678004,0.05620370370370331,-0.750059524,151.21999999999997,0,0,0,0,0,3,0,0,0,0,5,0,0,0,1,0,0,0,0,0,0,0,2,0,2,0,0,0,2,0,1,0,0,0,0,0,0,0,0,0,3.0292923280423283,0,0,0,0,-1.097266629,0,0,0,5.203617724867725,0,0,0,0,0,0,0,7.067216553287983,0,-1.500119048,0,0,0,21.31701672335601,0,4.4965589569161,0,0,0,0,1,0,0,0,0,0,1,0,0,0,1,0,0.32924163609189444,0.6707583640614384,2886.3348758633765,2.4373291302985967e-05,0.27870901982019286,-0.860016404,8,5,5,5,0,0,0,0,2,0.34782608695652173,1,0,0,0,0,0,1,0,0,0.4782608695652174,0,0,0,320,279.3128
NC1=NC(C2=NON=C2/N=N\C3=NON=C3C4=NC(N)=NC(N)=N4)=NC(N)=N1,8,18,0,0,0,0,4,4,18,4,18,4,4,0,0,4,0,0,0,0,384.28400000000016,0.24866023757273348,-0.367627783,5.530218256712249,0.010374149659864162,-0.123713316,283.97999999999996,0,0,0,0,0,0,0,0,0,0,10,0,0,0,4,0,0,0,0,0,0,2,10,0,0,0,0,0,0,0,2,0,0,0,0,0,0,0,0,0,0,0,0,0,0,-0.714216149,0,0,0,22.120873026848997,0,0,0,0,0,0,7.709618291761149,37.280847632562654,0,0,0,0,0,0,0,9.2695438642246,0,0,0,0,0,0,0,2,0,0,2,0,0,0,2,0,0.1876614128046181,0.8732878960383264,7583.673035219166,0.6830104824080774,0.5829022285601275,-0.915989216,10,8,2,16,0,0,0,0,0,0,0,0,0,2,0,0,2,0,0,0.6111111111111112,0,1,0,320,304.39783
NC1=NC(C2=NON=C2[N+]([O-])=O)=NC(N)=[N+]1[O-],4,12,0,0,0,0,2,2,10,2,12,2,2,0,0,2,0,1,0,0,240.13899999999998,0.4474119539032844,-0.762031189,11.057455357142857,0.058377739984882826,-0.847396542,186.82000000000002,0,0,0,0,0,0,0,0,0,0,5,0,0,0,2,0,0,0,0,0,0,0,4,0,1,1,0,0,1,0,1,0,0,0,0,0,0,0,0,0,0,0,0,0,0,-2.434171391,0,0,0,10.448875661375661,0,0,0,0,0,0,0,13.264996220710508,0,-0.847396542,0.058377739984882826,0,0,10.551043556311413,0,4.183109174225246,0,0,0,0,0,0,0,1,0,0,1,0,0,0,1,0,0.278235867665165,0.7511620423279867,2109.2785006230447,0.25933010510839916,0.4663965453341606,-0.533024623,5,4,4,8,0,0,0,0,1,0.19047619047619047,0,0,0,1,0,0,1,0,0,0.5238095238095238,0,0,0,246,222.0642
NC1=NC(C2=NON=C2[N+]([O-])=O)=NC3=NON=C31,2,12,0,0,0,0,3,3,11,1,12,3,2,0,0,1,0,1,0,0,250.134,0.4454879609457396,-0.381600651,10.66446948223734,0.04764077853363502,-0.781123158,172.77999999999997,0,0,0,0,0,0,0,0,0,0,4,2,0,0,1,0,0,0,0,0,0,0,6,0,1,0,0,0,1,0,2,0,0,0,0,0,0,0,0,0,0,0,0,0,0,-1.070368481,0.201532501889645,0,0,5.571474867724868,0,0,0,0,0,0,0,21.05677595112119,0,-0.781123158,0,0,0,10.66446948223734,0,8.692769353111615,0,0,0,0,0,0,1,0,0,0,2,0,0,0,2,0,0.24420774604243825,0.7834991086899434,2338.5794829055235,0.269087539277214,0.4477600006396571,-0.575691429,6,2,4,8,0,0,0,0,1,0.2,0,0,1,0,0,0,2,0,0,0.8,2,0,0,242,150.1338
NC1=NC(C2=NON=C2[N+]([O-])=O)=NN1,3,10,0,0,0,0,2,2,8,2,10,2,2,0,1,1,0,1,0,0,197.114,0.4455592149335108,-0.368155885,10.409036753590325,0.0252758881330315,-0.751603364,149.65,0,0,0,0,0,0,0,0,0,0,4,0,0,0,1,0,0,0,1,0,0,0,4,0,1,0,0,0,1,0,1,0,0,0,0,0,0,0,0,0,0,0,0,0,0,-0.72250189,0,0,0,5.233048941798942,0,0,0,2.3076691232048376,0,0,0,13.587739984882841,0,-0.751603364,0,0,0,10.409036753590325,0,4.194240362811791,0,0,0,0,0,0,0,0,0,0,1,1,0,0,1,0,0.3054859829586478,0.717371101153722,1347.7133070658354,0.21076581922098403,0.4971742240530859,-0.527613462,4,3,3,7,0,0,0,0,1,0.23529411764705882,0,0,0,0,0,0,1,1,0,0.5882352941176471,0,0,0,220,145.1154
NC1=NC(C2=NON=C2N[N+]([O-])=O)=NC3=NON=C31,3,13,0,0,0,0,3,3,11,2,13,3,3,0,1,1,0,1,0,0,265.149,0.26437528473782806,-0.381600673,10.37034349542286,0.01731198034769399,-0.830777274,184.80999999999995,0,0,0,0,0,0,0,0,0,0,4,2,0,0,1,0,0,1,0,0,0,0,6,0,1,0,0,0,1,0,2,0,0,0,0,0,0,0,0,0,0,0,0,0,0,-0.434160053,0.25142830897791235,0,0,5.61219671201814,0,0,1.7877529761904762,0,0,0,0,21.538671658478204,0,-0.830777274,0,0,0,10.37034349542286,0,8.834200680272108,0,0,0,0,0,0,1,0,0,0,2,0,0,0,2,0,0.25228295735296125,0.7528137077858383,2974.965612900411,0.1471401685139807,0.475204507654187,-0.573262581,6,3,4,9,1,0,0,0,0,0.18181818181818182,0,0,1,0,0,0,2,0,0,0.7272727272727273,2,0,0,136,130.62775
NC1=NC(C2=NON=C2N=[N+]=[N-])=NC3=NON=C31,2,12,0,0,0,0,3,3,10,1,12,3,2,0,0,1,0,0,0,0,246.15,0.22955603367860986,-0.381600683,8.34874013185521,0.041064814814815165,-0.103977702,178.39999999999998,0,0,0,0,0,0,0,0,0,0,4,2,0,0,1,0,0,0,0,0,0,1,6,0,0,0,0,0,0,0,2,0,0,0,0,0,0,0,0,0,0,0,0,0,0,0.030177154195013323,0.3684498089359205,0,0,5.63575034643487,0,0,0,0,0,0,3.273295776643991,21.862522203325774,0,0,0,0,0,0,0,8.912792501259762,0,0,0,0,0,0,1,0,0,0,2,0,0,0,2,0,0.21780071685450833,0.7821992831522006,2589.5741574156573,5.661013976614171e-06,0.5687588868576071,-0.715011172,6,2,2,10,0,0,0,0,0,0,0,0,1,0,0,0,2,0,0,0.8,2,0,1,170,287.8049
NC1=NC(N)=NC(C2=NON=C2[N+]([O-])=O)=N1,4,11,0,0,0,0,2,2,10,2,11,2,2,0,0,2,0,1,0,0,224.14000000000001,0.4454900703861999,-0.367627762,10.535418556311413,0.16856481481481467,-0.789679705,172.76999999999998,0,0,0,0,0,0,0,0,0,0,5,0,0,0,2,0,0,0,0,0,0,0,5,0,1,0,0,0,1,0,1,0,0,0,0,0,0,0,0,0,0,0,0,0,0,-1.408938964,0,0,0,10.601653439153438,0,0,0,0,0,0,0,17.142072940287225,0,-0.789679705,0,0,0,10.535418556311413,0,4.21738851095994,0,0,0,0,0,0,0,1,0,0,1,0,0,0,1,0,0.31880847789076566,0.7154148753069518,1807.265098789839,0.2727962016242248,0.4996876951905058,-0.642455608,5,4,3,8,0,0,0,0,1,0.2,0,0,0,1,0,0,1,0,0,0.55,0,0,0,235,289.24728
NC1=NC2=NON=C2C3=C1C(N=[N+]=[N-])=N[N+]([O-])=N3,2,12,0,0,0,0,3,3,9,1,12,3,1,0,0,1,0,0,0,0,246.15,0.22808281408165781,-0.569290201,11.227067271352986,0.013981481481481595,-0.243148148,179.31,0,0,0,0,0,0,0,0,0,0,2,4,0,0,1,0,0,0,0,0,0,1,5,0,0,1,0,0,0,0,1,0,0,0,0,0,0,0,0,0,0,0,0,0,0,-0.288333333,0.3753954081632662,0,0,5.667496220710506,0,0,0,0,0,0,3.257481103552532,17.841512188208615,0,0,-0.013981481,0,0,0,0,4.474539005416982,0,0,0,0,0,1,0,1,0,0,1,0,0,0,1,0,0.29471851199893656,0.7084589662325056,2228.500088182072,0.13065110709862343,0.5687588868576071,-0.715011172,6,2,2,10,0,0,0,0,0,0,0,1,0,1,0,0,1,0,0,0.85,3,0,1,255,286.78232
NC1=NC2=NON=C2C3=N[N+]([O-])=NC(N=[N+]=[N-])=C31,2,12,0,0,0,0,3,3,9,1,12,3,1,0,0,1,0,0,0,0,246.15,0.22808281408165781,-0.569290201,11.227067271352986,0.01398148148148115,-0.243148148,179.31000000000003,0,0,0,0,0,0,0,0,0,0,2,4,0,0,1,0,0,0,0,0,0,1,5,0,0,1,0,0,0,0,1,0,0,0,0,0,0,0,0,0,0,0,0,0,0,-0.288333333,0.3753954081632669,0,0,5.667496220710506,0,0,0,0,0,0,3.257481103552532,17.841512188208615,0,0,-0.013981481,0,0,0,0,4.474539005416982,0,0,0,0,0,1,0,1,0,0,1,0,0,0,1,0,0.42555415141965286,0.639363633769238,1982.1833583369717,0.38949239171741895,0.5687588868576071,-0.715011172,6,2,2,10,0,0,0,0,0,0,0,1,0,1,0,0,1,0,0,0.85,3,0,1,205,286.78394
NC1=NC2=NON=C2N3C1=NN=C3C4=CNN=C4,3,10,0,0,0,0,4,4,9,2,10,4,1,0,1,1,0,0,0,0,243.19000000000003,0.24359485811221973,-0.380466847,5.78088033824641,0.2087452758881334,0.2087452758881334,136.7,0,0,0,0,0,2,0,0,0,0,3,3,0,0,1,0,0,0,1,0,0,0,6,0,0,1,0,0,0,0,1,0,0,0,0,0,0,0,0,0,3.3043990929705216,0,0,0,0,1.4920323129251711,1.0966156462585042,0,0,5.78088033824641,0,0,0,2.7017609126984126,0,0,0,23.348399707105067,0,0,1.6240277777777776,0,0,0,0,4.651884212018141,0,0,0,0,0,0,1,0,0,0,2,1,0,0,1,0,0.32640692661433296,0.6909591023436661,2053.5252474294466,0.31227224474175297,0.518113409268473,-1.151363132,8,5,1,9,0,0,0,0,0,0,0,0,1,0,0,0,2,1,0,0.9130434782608695,3,0,0,360,389.9488
NC1=NN(CC2=NO[N+]([O-])=C2C)C=N1,2,8,0,0,0,0,2,2,7,1,8,2,2,0,0,1,0,0,0,0,196.17000000000002,0.24183474143940834,-0.366505597,10.85274754346183,0.18161848072562403,0.18161848072562403,109.7,1,0,1,0,0,1,0,0,0,0,3,0,0,0,1,0,0,0,0,0,0,0,3,0,0,2,0,0,0,0,1,0,0,0,0,1.6102371504157218,0,0.31425925925925924,0,0,1.4569406651549508,0,0,0,0,1.088073507180651,0,0,0,5.321673044217687,0,0,0,0,0,0,0,11.148154761904761,0,0,1.815283446712018,0,0,0,0,4.3926306216931215,0,0,0,0,0,0,0,0,0,0,1,1,0,0,1,0,0.25720525394160576,0.8982266333972346,1376.7534638197337,0.7616552543766016,0.4282000305857163,-1.141866748,6,8,2,6,0,0,0,0,0,0,0,0,0,0,0,0,1,1,0,0.45454545454545453,0,0,0,158,260.5386
NC1=NN(N=NN2C3=NC([N+]([O-])=O)=N2)C3=N1,2,12,0,0,0,0,3,3,11,1,12,3,1,0,0,1,0,1,0,0,222.12800000000001,0.4931613156309486,-0.389690454,10.463361678004535,0.03421012849584204,-0.74513322,155.32,0,0,0,0,0,0,0,0,0,0,2,2,0,0,1,0,0,0,0,0,0,0,6,0,1,2,0,0,1,0,0,0,0,0,0,0,0,0,0,0,0,0,0,0,0,-0.627755102,0.20740740740740815,0,0,5.346036470143613,0,0,0,0,0,0,0,21.651987906273618,0,-0.74513322,1.9073998488284198,0,0,10.463361678004535,0,0,0,0,0,0,0,0,0,0,1,0,0,2,0,0,0,0,0.17657003958008152,0.8234299604483099,1972.3763208942014,1.2907667003968922e-05,0.630267233306922,-0.504213787,4,2,2,10,0,0,0,0,1,0.2222222222222222,0,0,0,0,1,0,0,2,0,0.8888888888888888,3,0,0,178.2,279.25208
NC1=NN=NN1CC2=NO[N+]([O-])=C2C,2,9,0,0,0,0,2,2,8,1,9,2,2,0,0,1,0,0,0,0,197.158,0.24198262460189107,-0.366628531,10.848554894179895,0.15726757369614575,0.15726757369614575,122.59,1,0,1,0,0,0,0,0,0,0,3,0,0,0,1,0,0,0,0,0,0,0,4,0,0,2,0,0,0,0,1,0,0,0,0,1.5827191987906273,0,0.21171296296296283,0,0,0,0,0,0,0,0.9618046107331832,0,0,0,5.4288043272864694,0,0,0,0,0,0,0,13.968388133030992,0,0,1.6257284580498863,0,0,0,0,4.372287414965987,0,0,0,0,0,0,0,0,0,0,1,0,1,0,1,0,0.2946220177067499,0.8686552834209745,1269.1278860399404,0.7097902319575246,0.49706326905324644,-0.933261648,5,7,2,7,0,0,0,0,0,0,0,0,0,0,0,0,1,0,1,0.47619047619047616,0,0,0,173,319.96704
NC1=NN2C([N+]([O-])=O)=NN=C2N1C3=NNN=N3,3,13,0,0,0,0,3,3,11,2,13,3,2,0,1,1,0,1,0,0,237.14300000000003,0.4842324301135026,-0.389716552,10.625469261778786,0.023703703703704226,-0.729161234,171.63,0,0,0,0,0,0,0,0,0,0,3,1,0,0,1,0,0,0,1,0,0,0,6,0,1,2,0,0,1,0,0,0,0,0,0,0,0,0,0,0,0,0,0,0,0,-0.554960317,0.023703703703704226,0,0,5.576995464852608,0,0,0,2.2329022581254723,0,0,0,21.315461230788614,0,-0.729161234,2.050787037037037,0,0,10.625469261778786,0,0,0,0,0,0,0,0,0,0,0,0,0,2,1,0,0,0,0.19881988583936994,0.8340461326463677,2081.9919345045014,0.31817878119978804,0.6493971991583137,-0.506023792,4,3,2,11,0,0,0,0,1,0.2,0,0,0,0,0,0,0,2,1,0.75,2,0,0,205,300.59738
NC1=NNC=C1C(N2N)=NNC2=O,6,8,0,0,0,0,2,2,6,4,8,2,1,0,2,2,0,0,0,0,181.159,0.36177532032377985,-0.381613798,10.894786470143613,0.24138888888888932,-0.504074074,131.39999999999998,0,0,0,0,0,1,0,0,0,0,3,0,0,0,2,0,0,0,2,0,0,0,2,0,0,1,0,0,1,0,0,0,0,0,0,0,0,0,0,0,1.5082407407407405,0,0,0,0,0.9748148148148159,0,0,0,10.859423658352231,0,0,0,4.720755857898714,0,0,0,7.350404383975812,0,0,0.8623148148148148,0,0,10.894786470143613,0,0,0,0,0,0,0,0,0,0,0,0,1,1,0,0,0,0,0.24822866699794785,0.796060562781167,1156.2392594738708,0.4453075517966864,0.5409612550301115,-1.104002561,5,7,1,7,0,0,0,0,0,0,0,0,0,0,0,0,1,1,0,0.5,0,0,0,380,270.2864
NN1C(C2=NC(C([N+]([O-])=O)([N+]([O-])=O)[N+]([O-])=O)=NN2)=NC(C([N+]([O-])=O)([N+]([O-])=O)[N+]([O-])=O)=N1,3,25,0,0,0,0,2,2,18,2,25,2,9,0,1,1,0,6,0,0,449.16900000000015,0.7645942613278431,-0.320965426,11.053833066067464,0.05849537037037056,-4.33880102,357.13999999999993,0,0,0,0,0,0,0,0,0,0,4,0,2,0,1,0,0,0,1,0,0,0,4,0,6,1,0,0,6,0,0,0,0,0,0,0,0,0,0,0,0,0,0,0,0,-5.438961325,0,-8.641085601,0,5.254099584278156,0,0,0,1.6978807634164776,0,0,0,12.124062736205593,0,-11.73524786,-0.05849537,0,0,66.23220687146147,0,0,0,0,0,0,0,0,0,0,0,0,0,2,0,0,0,0,0.16318919233069848,0.9716893073933316,8367.922044746343,0.7265882985742836,0.40519270029766064,-0.053432004,6,3,12,13,0,0,2,0,0,0.5882352941176471,0,0,0,0,0,0,0,2,0,0.29411764705882354,0,0,0,124,129.06093
NN1C(N2N=C3N=C(NN3N2)[N+]([O-])=O)=NC([N+]([O-])=O)=N1,4,16,0,2,2,0,1,1,14,3,16,3,2,0,2,1,0,2,0,0,284.156,0.4944847200586672,-0.389776414,10.512669788224443,0.09504346182917556,-0.834886403,198.26999999999998,0,0,0,0,0,0,0,0,0,2,2,0,0,0,1,0,0,2,0,0,0,2,2,2,2,1,0,0,2,0,0,0,0,0,0,0,0,0,0,0,0,0,0,0,-0.626436182,-0.933098597,0,0,0,5.389577506928697,0,0,4.723662840136054,0,0,0,7.3138229087931474,6.862222064751826,1.9039739229024943,-1.581775121,0.6205218568909043,0,0,20.997097733415373,0,0,0,0,0,0,0,0,0,0,0,0,0,2,1,0,0,0,0.11889327349209655,0.9161286403117854,4103.6983972920025,0.44317785835928425,0.5912245386337084,-0.337842594,4,4,4,12,0,0,0,0,2,0.3333333333333333,0,0,0,0,0,0,0,2,1,0.625,2,0,0,201,305.47604
O=[N+](C([N+]([O-])=O)([N+]([O-])=O)C1=NN=C(O1)C2=CC([N+]([O-])=O)=CC([N+]([O-])=O)=C2)[O-],0,18,0,0,0,1,1,2,13,0,18,2,7,0,0,0,0,5,2,2,385.1610000000001,0.7806638920078615,-0.402300395,10.953262261694801,0.5151908541194257,-4.224308114,254.61999999999995,0,0,0,0,0,3,0,0,0,0,5,0,1,0,0,0,0,0,0,0,0,0,2,0,5,0,0,0,5,0,1,0,0,0,0,0,0,0,0,0,1.9613540485638696,0,0,0,0,-4.663831412,0,-4.224308114,0,0,0,0,0,0,0,0,0,6.021754062736205,0,-7.687662273,0,0,0,54.53992157974301,0,4.596183862433863,0,0,0,0,1,0,0,0,0,0,1,0,0,0,1,0,0.22894693274215555,0.8599173049253678,6383.015774969218,0.41796222461159616,0.2544390527597549,-0.353099094,9,3,11,7,0,0,1,0,2,0.6,1,0,0,0,0,0,1,0,0,0.36666666666666664,0,0,0,118.2,129.76166
O=[N+](C([N+]([O-])=O)([N+]([O-])=O)N1N=C([N+]([O-])=O)C([N+]([O-])=O)=C1C2=C([N+]([O-])=O)C([N+]([O-])=O)=NN2C([N+]([O-])=O)([N+]([O-])=O)[N+]([O-])=O)[O-],0,34,0,0,0,0,2,2,24,0,34,2,13,0,0,0,0,10,0,0,612.1660000000004,0.8379184776276171,-0.357561688,11.757838246409676,1.6129931972789109,-5.493441515,467.0399999999999,0,0,0,0,0,0,0,0,0,0,6,0,2,0,0,0,0,0,0,0,0,0,2,0,10,2,0,0,10,0,0,0,0,0,0,0,0,0,0,0,0,0,0,0,0,-15.99893141,0,-10.98688303,0,0,0,0,0,0,0,0,0,4.727290249433106,0,-24.18443059,-3.225986395,0,0,116.08447058453011,0,0,0,0,0,0,0,0,0,0,0,0,2,0,0,0,0,0,0.8003943340221154,0.9168035686809758,6096.053848373564,1.5416575438265494,0.3201745931659058,0.10454680593172433,8,0,20,14,0,0,2,0,4,0.8571428571428571,0,0,0,0,0,0,2,0,0,0.23809523809523808,0,0,0,118,117.04918
O=[N+](C([N+]([O-])=O)N1N=NC(C2=NN(C([N+]([O-])=O)[N+]([O-])=O)N=N2)=N1)[O-],0,20,0,0,0,0,2,2,16,0,20,2,7,0,0,0,0,4,0,0,346.1360000000001,0.5701118387640025,-0.25678308,10.568154832180806,0.022340010078105044,-2.577228101,259.75999999999993,0,0,0,0,0,0,2,0,0,0,2,0,0,0,0,0,0,0,0,0,0,0,6,0,4,2,0,0,4,0,0,0,0,0,0,0,0,0,0,0,0,-5.154456202,0,0,0,-1.249266818,0,0,0,0,0,0,0,0,0,0,0,19.07076782564878,0,-5.256963483,0.04468002015621031,0,0,42.27261932872322,0,0,0,0,0,0,0,0,0,0,0,0,0,0,2,0,0,0,0.11418949730443187,0.9498644335481896,6277.316499712506,0.6106488957831118,0.4853583562530335,-0.046224605,4,2,8,12,0,0,0,2,0,0.5384615384615384,0,0,0,0,0,0,0,0,2,0.38461538461538464,0,0,0,107,124.72921
O=[N+](C1([N+]([O-])=O)C2CC(C[C@H]1O3)C([N+]([O-])=O)([N+]([O-])=O)[C@H]3C2)[O-],0,13,2,2,4,0,0,0,9,0,13,4,4,0,0,0,0,4,0,0,318.1980000000001,0.4858078475682636,-0.344614008,11.298133975812547,0.30527777777777754,-2.577026644,181.79,0,0,3,0,0,0,4,0,0,0,0,0,2,0,0,0,0,0,0,0,0,0,0,0,4,0,0,0,4,1,0,0,0,0,0,0,0,-1.200277778,0,0,0,-5.220277778,0,0,0,0,0,-5.154053288,0,0,0,0,0,0,0,0,0,0,0,-4.110740741,0,0,0,45.19253590325019,5.133611111111111,0,0,0,0,0,0,0,0,0,0,0,0,0,0,0,0,0,0.379302813590465,0.9949437087920897,2286.3728600941986,1.043502329145366,0.1759910495980491,-0.703964198,9,10,9,4,0,0,0,2,0,0.4375,0,0,0,0,0,0,0,0,0,0,4,0,0,288,142.1512
O=[N+](C1=C(C=NN1)C2=NN=C3N2C4=NON=C4N5C3=NN=C5C6=C([N+]([O-])=O)NN=C6)[O-],2,19,0,0,0,0,6,6,15,2,19,6,4,0,2,0,0,2,0,0,424.2570000000002,0.35326711341021116,-0.357835015,11.301750741904339,0.025455246913580698,-0.659331895,242.94,0,0,0,0,0,2,0,0,0,0,6,4,0,0,0,0,0,0,2,0,0,0,8,0,2,2,0,0,2,0,1,0,0,0,0,0,0,0,0,0,2.421042884350965,0,0,0,0,-0.687392234,0.31257747543462044,0,0,0,0,0,0,4.559226414269634,0,0,0,31.151091171131892,0,-1.31866379,2.6691687137818088,0,0,22.603501483808678,0,4.852613063744016,0,0,0,0,0,0,1,0,0,0,3,2,0,0,1,0,0.1578693896548186,0.9143183047284316,7693.199044128231,0.6052762403750508,0.4619841275453321,-0.79197279,12,4,5,14,0,0,0,0,2,0.22857142857142856,0,0,1,0,0,0,3,2,0,0.8857142857142857,4,1,0,324,283.2462
O=[N+](C1=CC(C2=NOC(C(Cl)(Cl)Cl)=N2)=CC([N+]([O-])=O)=C1)[O-],0,9,0,0,0,1,1,2,7,0,12,2,3,0,0,0,0,2,2,2,353.5050000000001,0.27860575588359643,-0.334164355,10.779125645628623,0.013749999999999707,-1.974308114,125.19999999999999,0,0,0,0,0,3,0,0,0,0,5,0,1,0,0,0,0,0,0,0,0,0,2,0,2,0,0,0,2,0,1,0,3,0,0,0,0,0,0,0,2.888346154048039,0,0,0,0,-1.556665249,0,-1.974308114,0,0,0,0,0,0,0,0,0,7.202980442176871,0,-1.570560148,0,0,0,21.558251291257243,0,4.687531179138322,0,16.62283982111363,0,0,1,0,0,0,0,0,1,0,0,0,1,0,0.2180659081041627,0.8343335506230218,5693.646553680936,0.13591513342751158,0.15841360093916632,-0.656284918,9,3,5,4,0,0,0,0,2,0.3333333333333333,1,0,0,0,0,0,1,0,0,0.4583333333333333,0,0,0,270,250.7999
O=[N+](C1=CC2=C(C=C1[N+]([O-])=O)C3C4=C(C=C([N+]([O-])=O)C([N+]([O-])=O)=C4)C2C5=C3C=C([N+]([O-])=O)C([N+]([O-])=O)=C5)[O-],0,18,3,0,3,3,0,3,12,0,18,6,6,0,0,0,0,6,6,0,524.3140000000003,0.34586196924694784,-0.258087175,11.608020142502466,0.04037226001511751,-1.251377551,258.8399999999999,0,0,0,0,0,6,2,0,0,0,12,0,0,0,0,0,0,0,0,0,0,0,0,0,6,0,0,0,6,0,0,0,0,0,0,0,0,0,0,0,5.2351511715797425,-2.502755102,0,0,0,-5.273195389,0,0,0,0,0,0,0,0,0,0,0,0,0,-6.088775724,0,0,0,69.6481208550148,0,0,0,0,0,0,3,0,0,0,0,0,0,0,0,0,0,0,0.6251900348906316,0.630490087427375,9934.309243334797,1.5303570413931602,0.16020934020453373,-0.976514074,20,8,12,6,0,0,0,0,6,0.5217391304347826,3,0,0,0,0,0,0,0,0,0.391304347826087,6,1,0,414,234.2878
O=[N+](C1=NN(N=NN2C3=NC(/N=N/C4=NN(N=NN5C6=NC([N+]([O-])=O)=N5)C6=N4)=N2)C3=N1)[O-],0,24,0,0,0,0,6,6,22,0,24,6,4,0,0,0,0,2,0,0,440.2240000000002,0.4931613156937547,-0.389690454,10.835640228572013,0.026985921205104457,-0.80444857,283.31999999999994,0,0,0,0,0,0,0,0,0,0,4,4,0,0,0,0,0,0,0,0,0,2,12,0,2,4,0,0,2,0,0,0,0,0,0,0,0,0,0,0,0,0,0,0,0,-1.861343669,-0.225132938,0,0,0,0,0,0,0,0,0,7.512907848324515,44.705095123680145,0,-1.608897141,3.4681431949627637,0,0,21.67128045714402,0,0,0,0,0,0,0,0,0,0,2,0,0,4,0,0,0,0,0.08056432020350533,0.9194356798032285,14863.113314545712,9.398983061436814e-06,0.6360398342661915,-0.436141601,8,0,4,20,0,0,0,0,2,0.25,0,0,0,0,2,0,0,4,0,1,6,0,0,165.6,228.3372
O=[N+](C1=NON=C1C2=NNC(/N=N/C3=NC(C4=NON=C4[N+]([O-])=O)=NN3)=N2)[O-],2,20,0,0,0,0,4,4,16,2,20,4,6,0,2,0,0,2,0,0,390.19600000000014,0.4455592319849724,-0.357639446,10.797173340251096,0.16728584026202986,-0.822044121,271.97999999999996,0,0,0,0,0,0,0,0,0,0,8,0,0,0,0,0,0,0,2,0,0,2,8,0,2,0,0,0,2,0,2,0,0,0,0,0,0,0,0,0,0,0,0,0,0,-2.713961633,0,0,0,0,0,0,0,4.693066588460708,0,0,7.30764628999748,27.93195761688269,0,-1.644088241,0,0,0,21.59434668050219,0,8.57001935121392,0,0,0,0,0,0,0,0,0,0,2,2,0,0,2,0,0.10708349666878889,0.9061058572227583,10108.41577621185,0.25298916851699765,0.5023116587561122,-0.451055367,8,2,6,14,0,0,0,0,2,0.26666666666666666,0,0,0,0,0,0,2,2,0,0.6666666666666666,0,0,0,295,232.76698
O=C1NC2=NON=C2N3C1=NN=C3C4=C([N+]([O-])=O)NN=C4,2,13,0,0,0,0,4,4,10,2,13,4,2,0,2,0,0,1,0,0,289.171,0.35326712048996783,-0.357835015,11.846729261148903,0.0252314814814818,-0.657913832,173.78999999999996,0,0,0,0,0,1,0,0,0,0,3,3,0,0,0,0,0,0,2,0,0,0,5,0,1,1,0,0,2,0,1,0,0,0,0,0,0,0,0,0,1.2034939531368103,0,0,0,0,-0.297374339,0.10045729402872383,0,0,0,0,0,0,4.64421485260771,0,0,0,18.2387820452255,0,-0.657913832,1.2108333333333332,0,0,22.803873063114132,0,4.543621346686823,0,0,0,0,0,0,1,0,0,0,2,1,0,0,1,0,0.31777933343497416,0.7673296836104275,2768.7586462766835,0.5400840966740693,0.4357283406703993,-0.74696287,8,3,4,9,0,0,0,0,1,0.16666666666666666,0,0,1,0,0,0,2,1,0,0.875,3,0,0,314,240.9984
O=C1NC2=NON=C2N3C1=NN=C3C4=CNN=C4,2,10,0,0,0,0,4,4,8,2,10,4,1,0,2,0,0,0,0,0,244.17400000000004,0.294896910964631,-0.297713674,11.761801540060468,0.11981481481481482,-0.416254724,130.64999999999998,0,0,0,0,0,2,0,0,0,0,2,3,0,0,0,0,0,0,2,0,0,0,5,0,0,1,0,0,1,0,1,0,0,0,0,0,0,0,0,0,3.2023582766439906,0,0,0,0,1.1138425925925932,0.6918934240362817,0,0,0,0,0,0,5.164321853741496,0,0,0,18.91445838057445,0,0,1.4677777777777776,0,0,11.761801540060468,0,4.599800878684807,0,0,0,0,0,0,1,0,0,0,2,1,0,0,1,0,0.3236556555938739,0.6938672241925512,2037.2509227240046,0.32135470857269915,0.45868929533856995,-1.048432675,8,4,2,8,0,0,0,0,0,0,0,0,1,0,0,0,2,1,0,0.9545454545454546,3,0,0,372,392.4592
